[
	{
		"name": "Xenshi",
		"leaderName": "Master Mei",
		"adjective": ["Xenshimen"],
		"startBias": ["Hill"],
		"preferredVictoryType": "Cultural",
		
		"startIntroPart1": "May the blessings of heaven be upon you, O great Nebuchadnezzar, father of mighty and ancient Babylon! Young was the world when Sargon built Babylon some five thousand years ago, long did it grow and prosper, gaining its first empire the eighteenth century BC, under godlike Hammurabi, the giver of law. Although conquered by the Kassites and then by the Assyrians, Babylon endured, emerging phoenix-like from its ashes of destruction and regaining its independence despite its many enemies. Truly was Babylon the center of arts and learning in the ancient world. O Nebuchadnezzar, your empire endured but a short time after your death, falling to the mighty Persians, and then to the Greeks, until the great city was destroyed by 141 BC.",
		"startIntroPart2": "But is Babylon indeed gone forever, great Nebuchadnezzar? Your people look to you to bring the empire back to life once more. Will you accept the challenge? Will you build a civilization that will stand the test of time?",
		
		"declaringWar": "You have done a great dishonor against the world!",
		"attacked": "A tiger never hunts where there is no grass...",
		"defeated": "The temples are burning, I have failed my holy duty...",
		"introduction": "Greetings, interested in joining the Xenshi?",
		
		"neutralHello": "The offer to join us is still up, my friend.",
		"hateHello": "Get out of my temple, venomous viper!",
		
		"tradeRequest": "We have travelled far to offer you this deal, foreigner.",
				
		"outerColor": [0,180,183],
		"innerColor": [255,255,255],
		"unique": "BUSHIDO",
		"cities": ["Xuandong","Nagasunai","Xuanjiang","Nagashiri","Tengmen","Khongana","Kusu","Gyeonghae","Zuunryngol","Hyehae",
			"Miyayama","Furuyama","Soumoto","Baoying","Tengchong","Bayannuur","Naranshaat","Borhae","Naseong","Mungwon",
			"Kurirano","Tatesunai","Tatematsunai","Aridatori","Shilin","Khairtai","Namju","Borwon","Gwanggeup","Hashitoro",
			"Henai","Mutsuzawa","Zhaoliang","Suramay","Baruunturuun","Shimani","Borjin","Hyenan","Yeoyong","Kenfurano"]
	}
]
