[

	{
		"name": "Madrea",
		"leaderName": "All-Mother Mariana",
		"adjective": ["Madreans"],
//		"preferredVictoryType": "Diplomatic",
		
		"startIntroPart1": "Oh ye who remakes the world, your loyal subjects greet you, King Pachacuti Sapa Inca, ruler of Tawantinsuyu and the Inca people! From the beginnings in the small state of Cusco, the Incans displayed their potential for greatness, marching to war against their many enemies, crushing their armies into dust and carving for themselves a mighty empire stretching from Ecuador to Chile. Indeed, they build the greatest empire ever seen in all pre-Columbian Americas. More than mere soldiers, your people were great builders and artists as well, and the remnants of their works still awe and inspire the world today.",
		"startIntroPart2": "Oh King Pachacuti, truly are you called 'Earth Shaker'! Will you once again call upon the ground itself to a fight at your side? Your armies await your signal. Will you restore the glory of your empire? Can you build a civilization that will stand the test of time?",
		
		"declaringWar": "Your nation has overstepped their boundaries, let me chastise your civilization.",
		"attacked": "Foolish! By the end of this, you will learn your place in the world.",
		"defeated": "This defeat will not go unpunished, I promise!",
		"introduction": "Greetings from the Madreans, stranger.",
		
		"neutralHello": "What do you need, my child?",
		"neutralLetsHearIt": ["Go on.","What do you say?","Go ahead."],
		"neutralNo": ["I must kindly refuse.","Such offer is too disadvantageous.","I refuse."],
		"neutralYes": ["Very good.","Of course, yes.","You lay agreeable terms."],

		"hateHello": "Make your intentions clear, abnegate!",
		"hateLetsHearIt": ["Torture my ears.","What do you bring to us now other than malice?","Go on."],
		"hateNo": ["Absolutely not!","A deal no less agreeable than one made by the devil.","Is it the tropical heat? Have you gone mad?"],
		"hateYes": ["This will do.","Atleast your pragmatics exceed your dullness.","I'll see into it."],
		
		"afterPeace": "I hope that you have calmed yourself from this ruckus.",
		"tradeRequest": "Be reasonable, young one, I offer this deal only once.",
				
		"outerColor": [104,187,129],
		"innerColor": [255,255,0],
		"uniqueName": "Blessed Virgins",
		"unique": "HELLENIC_LEAGUE",
		"cities": ["Mariana","Astesia","Tauriana","Aenium","Thassa","Marnia","Hermia","Cirayon","Kalinai","Amiteia",
			"Pixatrae","Laila","Nymphidia","Athacia","Matraxes","Messium","Lasarania","Apantheia","Cruxum","Nysanais",
			"Melia","Didenius","Pyrgalia","Momys","Numam","Pyrgalia","Pyrgalia","Thassyras","Knossonassa","Paresos","Matreanas","Achus",
			"Nuwa Mariana","Nuwa Tauria","Nuwa Marnia","Nukalinai","Nuwa Pixasia","Nuwa Matraxes","Nuwa Nysa","Nuwenos"]
	}
]
